Type,ServiceID,ServiceName,BasePrice,ProfessionalID,ProfessionalName,ServiceNameProfessional,Experience,UserID,UserName,UserStatus,BookingID,BookingProfessional,BookingDate,BookingStatus
Service,1,Plumbing,100,,,,,,,,,,,
Service,2,Electrical,150,,,,,,,,,,,
Service,3,Carpentry,200,,,,,,,,,,,
Service,4,Cleaning,80,,,,,,,,,,,
Service,5,Painting,250,,,,,,,,,,,
Service,6,Landscaping,300,,,,,,,,,,,
Service,7,HVAC,400,,,,,,,,,,,
Service,8,Pest Control,120,,,,,,,,,,,
Professional,,,,2,John Smith,Plumbing,5,,,,,,,
Professional,,,,3,Mary Johnson,Electrical,7,,,,,,,
Professional,,,,4,Bob Brown,Carpentry,10,,,,,,,
Professional,,,,5,Susan Green,Cleaning,4,,,,,,,
Professional,,,,6,Tom White,Painting,6,,,,,,,
Professional,,,,7,Emma Wilson,Landscaping,8,,,,,,,
Professional,,,,8,James Taylor,HVAC,12,,,,,,,
Professional,,,,9,Sara Davis,Pest Control,3,,,,,,,
User,,,,,,,,10,User,Active,,,,
Booking,,,,,,,,,,,1,John Smith,2024-11-24,Pending
Booking,,,,,,,,,,,2,John Smith,2024-11-24,Pending
Booking,,,,,,,,,,,3,John Smith,2024-11-24,Pending
Booking,,,,,,,,,,,4,John Smith,2024-11-24,Pending
Booking,,,,,,,,,,,5,John Smith,2024-11-24,Pending